{
    "countries": {
        "country": [
            {
                "countryCode": "AD",
                "countryName": "Andorra",
                "population": "84000",
                "areaInSqKm": "468.0"
            },
            {
                "countryCode": "AE",
                "countryName": "United Arab Emirates",
                "population": "4975593",
                "areaInSqKm": "82880.0"
            },
            {
                "countryCode": "AF",
                "countryName": "Afghanistan",
                "population": "29121286",
                "areaInSqKm": "647500.0"
            },
            {
                "countryCode": "AG",
                "countryName": "Antigua and Barbuda",
                "population": "86754",
                "areaInSqKm": "443.0"
            },
            {
                "countryCode": "AI",
                "countryName": "Anguilla",
                "population": "13254",
                "areaInSqKm": "102.0"
            },
            {
                "countryCode": "AL",
                "countryName": "Albania",
                "population": "2986952",
                "areaInSqKm": "28748.0"
            },
            {
                "countryCode": "AM",
                "countryName": "Armenia",
                "population": "2968000",
                "areaInSqKm": "29800.0"
            },
            {
                "countryCode": "AO",
                "countryName": "Angola",
                "population": "13068161",
                "areaInSqKm": "1246700.0"
            },
            {
                "countryCode": "AQ",
                "countryName": "Antarctica",
                "population": "0",
                "areaInSqKm": "1.4E7"
            },
            {
                "countryCode": "AR",
                "countryName": "Argentina",
                "population": "41343201",
                "areaInSqKm": "2766890.0"
            },
            {
                "countryCode": "AS",
                "countryName": "American Samoa",
                "population": "57881",
                "areaInSqKm": "199.0"
            },
            {
                "countryCode": "AT",
                "countryName": "Austria",
                "population": "8205000",
                "areaInSqKm": "83858.0"
            },
            {
                "countryCode": "AU",
                "countryName": "Australia",
                "population": "21515754",
                "areaInSqKm": "7686850.0"
            },
            {
                "countryCode": "AW",
                "countryName": "Aruba",
                "population": "71566",
                "areaInSqKm": "193.0"
            },
            {
                "countryCode": "AX",
                "countryName": "Åland",
                "population": "26711",
                "areaInSqKm": "1580.0"
            },
            {
                "countryCode": "AZ",
                "countryName": "Azerbaijan",
                "population": "8303512",
                "areaInSqKm": "86600.0"
            },
            {
                "countryCode": "BA",
                "countryName": "Bosnia and Herzegovina",
                "population": "4590000",
                "areaInSqKm": "51129.0"
            },
            {
                "countryCode": "BB",
                "countryName": "Barbados",
                "population": "285653",
                "areaInSqKm": "431.0"
            },
            {
                "countryCode": "BD",
                "countryName": "Bangladesh",
                "population": "156118464",
                "areaInSqKm": "144000.0"
            },
            {
                "countryCode": "BE",
                "countryName": "Belgium",
                "population": "10403000",
                "areaInSqKm": "30510.0"
            },
            {
                "countryCode": "BF",
                "countryName": "Burkina Faso",
                "population": "16241811",
                "areaInSqKm": "274200.0"
            },
            {
                "countryCode": "BG",
                "countryName": "Bulgaria",
                "population": "7148785",
                "areaInSqKm": "110910.0"
            },
            {
                "countryCode": "BH",
                "countryName": "Bahrain",
                "population": "738004",
                "areaInSqKm": "665.0"
            },
            {
                "countryCode": "BI",
                "countryName": "Burundi",
                "population": "9863117",
                "areaInSqKm": "27830.0"
            },
            {
                "countryCode": "BJ",
                "countryName": "Benin",
                "population": "9056010",
                "areaInSqKm": "112620.0"
            },
            {
                "countryCode": "BL",
                "countryName": "Saint Barthélemy",
                "population": "8450",
                "areaInSqKm": "21.0"
            },
            {
                "countryCode": "BM",
                "countryName": "Bermuda",
                "population": "65365",
                "areaInSqKm": "53.0"
            },
            {
                "countryCode": "BN",
                "countryName": "Brunei",
                "population": "395027",
                "areaInSqKm": "5770.0"
            },
            {
                "countryCode": "BO",
                "countryName": "Bolivia",
                "population": "9947418",
                "areaInSqKm": "1098580.0"
            },
            {
                "countryCode": "BQ",
                "countryName": "Bonaire",
                "population": "18012",
                "areaInSqKm": "328.0"
            },
            {
                "countryCode": "BR",
                "countryName": "Brazil",
                "population": "201103330",
                "areaInSqKm": "8511965.0"
            },
            {
                "countryCode": "BS",
                "countryName": "Bahamas",
                "population": "301790",
                "areaInSqKm": "13940.0"
            },
            {
                "countryCode": "BT",
                "countryName": "Bhutan",
                "population": "699847",
                "areaInSqKm": "47000.0"
            },
            {
                "countryCode": "BV",
                "countryName": "Bouvet Island",
                "population": "0",
                "areaInSqKm": "49.0"
            },
            {
                "countryCode": "BW",
                "countryName": "Botswana",
                "population": "2029307",
                "areaInSqKm": "600370.0"
            },
            {
                "countryCode": "BY",
                "countryName": "Belarus",
                "population": "9685000",
                "areaInSqKm": "207600.0"
            },
            {
                "countryCode": "BZ",
                "countryName": "Belize",
                "population": "314522",
                "areaInSqKm": "22966.0"
            },
            {
                "countryCode": "CA",
                "countryName": "Canada",
                "population": "33679000",
                "areaInSqKm": "9984670.0"
            },
            {
                "countryCode": "CC",
                "countryName": "Cocos [Keeling] Islands",
                "population": "628",
                "areaInSqKm": "14.0"
            },
            {
                "countryCode": "CD",
                "countryName": "Democratic Republic of the Congo",
                "population": "70916439",
                "areaInSqKm": "2345410.0"
            },
            {
                "countryCode": "CF",
                "countryName": "Central African Republic",
                "population": "4844927",
                "areaInSqKm": "622984.0"
            },
            {
                "countryCode": "CG",
                "countryName": "Republic of the Congo",
                "population": "3039126",
                "areaInSqKm": "342000.0"
            },
            {
                "countryCode": "CH",
                "countryName": "Switzerland",
                "population": "7581000",
                "areaInSqKm": "41290.0"
            },
            {
                "countryCode": "CI",
                "countryName": "Ivory Coast",
                "population": "21058798",
                "areaInSqKm": "322460.0"
            },
            {
                "countryCode": "CK",
                "countryName": "Cook Islands",
                "population": "21388",
                "areaInSqKm": "240.0"
            },
            {
                "countryCode": "CL",
                "countryName": "Chile",
                "population": "16746491",
                "areaInSqKm": "756950.0"
            },
            {
                "countryCode": "CM",
                "countryName": "Cameroon",
                "population": "19294149",
                "areaInSqKm": "475440.0"
            },
            {
                "countryCode": "CN",
                "countryName": "China",
                "population": "1330044000",
                "areaInSqKm": "9596960.0"
            },
            {
                "countryCode": "CO",
                "countryName": "Colombia",
                "population": "47790000",
                "areaInSqKm": "1138910.0"
            },
            {
                "countryCode": "CR",
                "countryName": "Costa Rica",
                "population": "4516220",
                "areaInSqKm": "51100.0"
            },
            {
                "countryCode": "CU",
                "countryName": "Cuba",
                "population": "11423000",
                "areaInSqKm": "110860.0"
            },
            {
                "countryCode": "CV",
                "countryName": "Cape Verde",
                "population": "508659",
                "areaInSqKm": "4033.0"
            },
            {
                "countryCode": "CW",
                "countryName": "Curacao",
                "population": "141766",
                "areaInSqKm": "444.0"
            },
            {
                "countryCode": "CX",
                "countryName": "Christmas Island",
                "population": "1500",
                "areaInSqKm": "135.0"
            },
            {
                "countryCode": "CY",
                "countryName": "Cyprus",
                "population": "1102677",
                "areaInSqKm": "9250.0"
            },
            {
                "countryCode": "CZ",
                "countryName": "Czechia",
                "population": "10476000",
                "areaInSqKm": "78866.0"
            },
            {
                "countryCode": "DE",
                "countryName": "Germany",
                "population": "81802257",
                "areaInSqKm": "357021.0"
            },
            {
                "countryCode": "DJ",
                "countryName": "Djibouti",
                "population": "740528",
                "areaInSqKm": "23000.0"
            },
            {
                "countryCode": "DK",
                "countryName": "Denmark",
                "population": "5484000",
                "areaInSqKm": "43094.0"
            },
            {
                "countryCode": "DM",
                "countryName": "Dominica",
                "population": "72813",
                "areaInSqKm": "754.0"
            },
            {
                "countryCode": "DO",
                "countryName": "Dominican Republic",
                "population": "9823821",
                "areaInSqKm": "48730.0"
            },
            {
                "countryCode": "DZ",
                "countryName": "Algeria",
                "population": "34586184",
                "areaInSqKm": "2381740.0"
            },
            {
                "countryCode": "EC",
                "countryName": "Ecuador",
                "population": "14790608",
                "areaInSqKm": "283560.0"
            },
            {
                "countryCode": "EE",
                "countryName": "Estonia",
                "population": "1291170",
                "areaInSqKm": "45226.0"
            },
            {
                "countryCode": "EG",
                "countryName": "Egypt",
                "population": "80471869",
                "areaInSqKm": "1001450.0"
            },
            {
                "countryCode": "EH",
                "countryName": "Western Sahara",
                "population": "273008",
                "areaInSqKm": "266000.0"
            },
            {
                "countryCode": "ER",
                "countryName": "Eritrea",
                "population": "5792984",
                "areaInSqKm": "121320.0"
            },
            {
                "countryCode": "ES",
                "countryName": "Spain",
                "population": "46505963",
                "areaInSqKm": "504782.0"
            },
            {
                "countryCode": "ET",
                "countryName": "Ethiopia",
                "population": "88013491",
                "areaInSqKm": "1127127.0"
            },
            {
                "countryCode": "FI",
                "countryName": "Finland",
                "population": "5244000",
                "areaInSqKm": "337030.0"
            },
            {
                "countryCode": "FJ",
                "countryName": "Fiji",
                "population": "875983",
                "areaInSqKm": "18270.0"
            },
            {
                "countryCode": "FK",
                "countryName": "Falkland Islands",
                "population": "2638",
                "areaInSqKm": "12173.0"
            },
            {
                "countryCode": "FM",
                "countryName": "Micronesia",
                "population": "107708",
                "areaInSqKm": "702.0"
            },
            {
                "countryCode": "FO",
                "countryName": "Faroe Islands",
                "population": "48228",
                "areaInSqKm": "1399.0"
            },
            {
                "countryCode": "FR",
                "countryName": "France",
                "population": "64768389",
                "areaInSqKm": "547030.0"
            },
            {
                "countryCode": "GA",
                "countryName": "Gabon",
                "population": "1545255",
                "areaInSqKm": "267667.0"
            },
            {
                "countryCode": "GB",
                "countryName": "United Kingdom",
                "population": "62348447",
                "areaInSqKm": "244820.0"
            },
            {
                "countryCode": "GD",
                "countryName": "Grenada",
                "population": "107818",
                "areaInSqKm": "344.0"
            },
            {
                "countryCode": "GE",
                "countryName": "Georgia",
                "population": "4630000",
                "areaInSqKm": "69700.0"
            },
            {
                "countryCode": "GF",
                "countryName": "French Guiana",
                "population": "195506",
                "areaInSqKm": "91000.0"
            },
            {
                "countryCode": "GG",
                "countryName": "Guernsey",
                "population": "65228",
                "areaInSqKm": "78.0"
            },
            {
                "countryCode": "GH",
                "countryName": "Ghana",
                "population": "24339838",
                "areaInSqKm": "239460.0"
            },
            {
                "countryCode": "GI",
                "countryName": "Gibraltar",
                "population": "27884",
                "areaInSqKm": "6.5"
            },
            {
                "countryCode": "GL",
                "countryName": "Greenland",
                "population": "56375",
                "areaInSqKm": "2166086.0"
            },
            {
                "countryCode": "GM",
                "countryName": "Gambia",
                "population": "1593256",
                "areaInSqKm": "11300.0"
            },
            {
                "countryCode": "GN",
                "countryName": "Guinea",
                "population": "10324025",
                "areaInSqKm": "245857.0"
            },
            {
                "countryCode": "GP",
                "countryName": "Guadeloupe",
                "population": "443000",
                "areaInSqKm": "1780.0"
            },
            {
                "countryCode": "GQ",
                "countryName": "Equatorial Guinea",
                "population": "1014999",
                "areaInSqKm": "28051.0"
            },
            {
                "countryCode": "GR",
                "countryName": "Greece",
                "population": "11000000",
                "areaInSqKm": "131940.0"
            },
            {
                "countryCode": "GS",
                "countryName": "South Georgia and the South Sandwich Islands",
                "population": "30",
                "areaInSqKm": "3903.0"
            },
            {
                "countryCode": "GT",
                "countryName": "Guatemala",
                "population": "13550440",
                "areaInSqKm": "108890.0"
            },
            {
                "countryCode": "GU",
                "countryName": "Guam",
                "population": "159358",
                "areaInSqKm": "549.0"
            },
            {
                "countryCode": "GW",
                "countryName": "Guinea-Bissau",
                "population": "1565126",
                "areaInSqKm": "36120.0"
            },
            {
                "countryCode": "GY",
                "countryName": "Guyana",
                "population": "748486",
                "areaInSqKm": "214970.0"
            },
            {
                "countryCode": "HK",
                "countryName": "Hong Kong",
                "population": "6898686",
                "areaInSqKm": "1092.0"
            },
            {
                "countryCode": "HM",
                "countryName": "Heard Island and McDonald Islands",
                "population": "0",
                "areaInSqKm": "412.0"
            },
            {
                "countryCode": "HN",
                "countryName": "Honduras",
                "population": "7989415",
                "areaInSqKm": "112090.0"
            },
            {
                "countryCode": "HR",
                "countryName": "Croatia",
                "population": "4284889",
                "areaInSqKm": "56542.0"
            },
            {
                "countryCode": "HT",
                "countryName": "Haiti",
                "population": "9648924",
                "areaInSqKm": "27750.0"
            },
            {
                "countryCode": "HU",
                "countryName": "Hungary",
                "population": "9982000",
                "areaInSqKm": "93030.0"
            },
            {
                "countryCode": "ID",
                "countryName": "Indonesia",
                "population": "242968342",
                "areaInSqKm": "1919440.0"
            },
            {
                "countryCode": "IE",
                "countryName": "Ireland",
                "population": "4622917",
                "areaInSqKm": "70280.0"
            },
            {
                "countryCode": "IL",
                "countryName": "Israel",
                "population": "7353985",
                "areaInSqKm": "20770.0"
            },
            {
                "countryCode": "IM",
                "countryName": "Isle of Man",
                "population": "75049",
                "areaInSqKm": "572.0"
            },
            {
                "countryCode": "IN",
                "countryName": "India",
                "population": "1173108018",
                "areaInSqKm": "3287590.0"
            },
            {
                "countryCode": "IO",
                "countryName": "British Indian Ocean Territory",
                "population": "4000",
                "areaInSqKm": "60.0"
            },
            {
                "countryCode": "IQ",
                "countryName": "Iraq",
                "population": "29671605",
                "areaInSqKm": "437072.0"
            },
            {
                "countryCode": "IR",
                "countryName": "Iran",
                "population": "76923300",
                "areaInSqKm": "1648000.0"
            },
            {
                "countryCode": "IS",
                "countryName": "Iceland",
                "population": "308910",
                "areaInSqKm": "103000.0"
            },
            {
                "countryCode": "IT",
                "countryName": "Italy",
                "population": "60340328",
                "areaInSqKm": "301230.0"
            },
            {
                "countryCode": "JE",
                "countryName": "Jersey",
                "population": "90812",
                "areaInSqKm": "116.0"
            },
            {
                "countryCode": "JM",
                "countryName": "Jamaica",
                "population": "2847232",
                "areaInSqKm": "10991.0"
            },
            {
                "countryCode": "JO",
                "countryName": "Jordan",
                "population": "6407085",
                "areaInSqKm": "92300.0"
            },
            {
                "countryCode": "JP",
                "countryName": "Japan",
                "population": "127288000",
                "areaInSqKm": "377835.0"
            },
            {
                "countryCode": "KE",
                "countryName": "Kenya",
                "population": "40046566",
                "areaInSqKm": "582650.0"
            },
            {
                "countryCode": "KG",
                "countryName": "Kyrgyzstan",
                "population": "5776500",
                "areaInSqKm": "198500.0"
            },
            {
                "countryCode": "KH",
                "countryName": "Cambodia",
                "population": "14453680",
                "areaInSqKm": "181040.0"
            },
            {
                "countryCode": "KI",
                "countryName": "Kiribati",
                "population": "92533",
                "areaInSqKm": "811.0"
            },
            {
                "countryCode": "KM",
                "countryName": "Comoros",
                "population": "773407",
                "areaInSqKm": "2170.0"
            },
            {
                "countryCode": "KN",
                "countryName": "Saint Kitts and Nevis",
                "population": "51134",
                "areaInSqKm": "261.0"
            },
            {
                "countryCode": "KP",
                "countryName": "North Korea",
                "population": "22912177",
                "areaInSqKm": "120540.0"
            },
            {
                "countryCode": "KR",
                "countryName": "South Korea",
                "population": "48422644",
                "areaInSqKm": "98480.0"
            },
            {
                "countryCode": "KW",
                "countryName": "Kuwait",
                "population": "2789132",
                "areaInSqKm": "17820.0"
            },
            {
                "countryCode": "KY",
                "countryName": "Cayman Islands",
                "population": "44270",
                "areaInSqKm": "262.0"
            },
            {
                "countryCode": "KZ",
                "countryName": "Kazakhstan",
                "population": "15340000",
                "areaInSqKm": "2717300.0"
            },
            {
                "countryCode": "LA",
                "countryName": "Laos",
                "population": "6368162",
                "areaInSqKm": "236800.0"
            },
            {
                "countryCode": "LB",
                "countryName": "Lebanon",
                "population": "4125247",
                "areaInSqKm": "10400.0"
            },
            {
                "countryCode": "LC",
                "countryName": "Saint Lucia",
                "population": "160922",
                "areaInSqKm": "616.0"
            },
            {
                "countryCode": "LI",
                "countryName": "Liechtenstein",
                "population": "35000",
                "areaInSqKm": "160.0"
            },
            {
                "countryCode": "LK",
                "countryName": "Sri Lanka",
                "population": "21513990",
                "areaInSqKm": "65610.0"
            },
            {
                "countryCode": "LR",
                "countryName": "Liberia",
                "population": "3685076",
                "areaInSqKm": "111370.0"
            },
            {
                "countryCode": "LS",
                "countryName": "Lesotho",
                "population": "1919552",
                "areaInSqKm": "30355.0"
            },
            {
                "countryCode": "LT",
                "countryName": "Lithuania",
                "population": "2944459",
                "areaInSqKm": "65200.0"
            },
            {
                "countryCode": "LU",
                "countryName": "Luxembourg",
                "population": "497538",
                "areaInSqKm": "2586.0"
            },
            {
                "countryCode": "LV",
                "countryName": "Latvia",
                "population": "2217969",
                "areaInSqKm": "64589.0"
            },
            {
                "countryCode": "LY",
                "countryName": "Libya",
                "population": "6461454",
                "areaInSqKm": "1759540.0"
            },
            {
                "countryCode": "MA",
                "countryName": "Morocco",
                "population": "33848242",
                "areaInSqKm": "446550.0"
            },
            {
                "countryCode": "MC",
                "countryName": "Monaco",
                "population": "32965",
                "areaInSqKm": "1.95"
            },
            {
                "countryCode": "MD",
                "countryName": "Moldova",
                "population": "4324000",
                "areaInSqKm": "33843.0"
            },
            {
                "countryCode": "ME",
                "countryName": "Montenegro",
                "population": "666730",
                "areaInSqKm": "14026.0"
            },
            {
                "countryCode": "MF",
                "countryName": "Saint Martin",
                "population": "35925",
                "areaInSqKm": "53.0"
            },
            {
                "countryCode": "MG",
                "countryName": "Madagascar",
                "population": "21281844",
                "areaInSqKm": "587040.0"
            },
            {
                "countryCode": "MH",
                "countryName": "Marshall Islands",
                "population": "65859",
                "areaInSqKm": "181.3"
            },
            {
                "countryCode": "MK",
                "countryName": "Macedonia",
                "population": "2062294",
                "areaInSqKm": "25333.0"
            },
            {
                "countryCode": "ML",
                "countryName": "Mali",
                "population": "13796354",
                "areaInSqKm": "1240000.0"
            },
            {
                "countryCode": "MM",
                "countryName": "Myanmar [Burma]",
                "population": "53414374",
                "areaInSqKm": "678500.0"
            },
            {
                "countryCode": "MN",
                "countryName": "Mongolia",
                "population": "3086918",
                "areaInSqKm": "1565000.0"
            },
            {
                "countryCode": "MO",
                "countryName": "Macao",
                "population": "449198",
                "areaInSqKm": "254.0"
            },
            {
                "countryCode": "MP",
                "countryName": "Northern Mariana Islands",
                "population": "53883",
                "areaInSqKm": "477.0"
            },
            {
                "countryCode": "MQ",
                "countryName": "Martinique",
                "population": "432900",
                "areaInSqKm": "1100.0"
            },
            {
                "countryCode": "MR",
                "countryName": "Mauritania",
                "population": "3205060",
                "areaInSqKm": "1030700.0"
            },
            {
                "countryCode": "MS",
                "countryName": "Montserrat",
                "population": "9341",
                "areaInSqKm": "102.0"
            },
            {
                "countryCode": "MT",
                "countryName": "Malta",
                "population": "403000",
                "areaInSqKm": "316.0"
            },
            {
                "countryCode": "MU",
                "countryName": "Mauritius",
                "population": "1294104",
                "areaInSqKm": "2040.0"
            },
            {
                "countryCode": "MV",
                "countryName": "Maldives",
                "population": "395650",
                "areaInSqKm": "300.0"
            },
            {
                "countryCode": "MW",
                "countryName": "Malawi",
                "population": "15447500",
                "areaInSqKm": "118480.0"
            },
            {
                "countryCode": "MX",
                "countryName": "Mexico",
                "population": "112468855",
                "areaInSqKm": "1972550.0"
            },
            {
                "countryCode": "MY",
                "countryName": "Malaysia",
                "population": "28274729",
                "areaInSqKm": "329750.0"
            },
            {
                "countryCode": "MZ",
                "countryName": "Mozambique",
                "population": "22061451",
                "areaInSqKm": "801590.0"
            },
            {
                "countryCode": "NA",
                "countryName": "Namibia",
                "population": "2128471",
                "areaInSqKm": "825418.0"
            },
            {
                "countryCode": "NC",
                "countryName": "New Caledonia",
                "population": "216494",
                "areaInSqKm": "19060.0"
            },
            {
                "countryCode": "NE",
                "countryName": "Niger",
                "population": "15878271",
                "areaInSqKm": "1267000.0"
            },
            {
                "countryCode": "NF",
                "countryName": "Norfolk Island",
                "population": "1828",
                "areaInSqKm": "34.6"
            },
            {
                "countryCode": "NG",
                "countryName": "Nigeria",
                "population": "154000000",
                "areaInSqKm": "923768.0"
            },
            {
                "countryCode": "NI",
                "countryName": "Nicaragua",
                "population": "5995928",
                "areaInSqKm": "129494.0"
            },
            {
                "countryCode": "NL",
                "countryName": "Netherlands",
                "population": "16645000",
                "areaInSqKm": "41526.0"
            },
            {
                "countryCode": "NO",
                "countryName": "Norway",
                "population": "5009150",
                "areaInSqKm": "324220.0"
            },
            {
                "countryCode": "NP",
                "countryName": "Nepal",
                "population": "28951852",
                "areaInSqKm": "140800.0"
            },
            {
                "countryCode": "NR",
                "countryName": "Nauru",
                "population": "10065",
                "areaInSqKm": "21.0"
            },
            {
                "countryCode": "NU",
                "countryName": "Niue",
                "population": "2166",
                "areaInSqKm": "260.0"
            },
            {
                "countryCode": "NZ",
                "countryName": "New Zealand",
                "population": "4252277",
                "areaInSqKm": "268680.0"
            },
            {
                "countryCode": "OM",
                "countryName": "Oman",
                "population": "2967717",
                "areaInSqKm": "212460.0"
            },
            {
                "countryCode": "PA",
                "countryName": "Panama",
                "population": "3410676",
                "areaInSqKm": "78200.0"
            },
            {
                "countryCode": "PE",
                "countryName": "Peru",
                "population": "29907003",
                "areaInSqKm": "1285220.0"
            },
            {
                "countryCode": "PF",
                "countryName": "French Polynesia",
                "population": "270485",
                "areaInSqKm": "4167.0"
            },
            {
                "countryCode": "PG",
                "countryName": "Papua New Guinea",
                "population": "6064515",
                "areaInSqKm": "462840.0"
            },
            {
                "countryCode": "PH",
                "countryName": "Philippines",
                "population": "99900177",
                "areaInSqKm": "300000.0"
            },
            {
                "countryCode": "PK",
                "countryName": "Pakistan",
                "population": "184404791",
                "areaInSqKm": "803940.0"
            },
            {
                "countryCode": "PL",
                "countryName": "Poland",
                "population": "38500000",
                "areaInSqKm": "312685.0"
            },
            {
                "countryCode": "PM",
                "countryName": "Saint Pierre and Miquelon",
                "population": "7012",
                "areaInSqKm": "242.0"
            },
            {
                "countryCode": "PN",
                "countryName": "Pitcairn Islands",
                "population": "46",
                "areaInSqKm": "47.0"
            },
            {
                "countryCode": "PR",
                "countryName": "Puerto Rico",
                "population": "3916632",
                "areaInSqKm": "9104.0"
            },
            {
                "countryCode": "PS",
                "countryName": "Palestine",
                "population": "3800000",
                "areaInSqKm": "5970.0"
            },
            {
                "countryCode": "PT",
                "countryName": "Portugal",
                "population": "10676000",
                "areaInSqKm": "92391.0"
            },
            {
                "countryCode": "PW",
                "countryName": "Palau",
                "population": "19907",
                "areaInSqKm": "458.0"
            },
            {
                "countryCode": "PY",
                "countryName": "Paraguay",
                "population": "6375830",
                "areaInSqKm": "406750.0"
            },
            {
                "countryCode": "QA",
                "countryName": "Qatar",
                "population": "840926",
                "areaInSqKm": "11437.0"
            },
            {
                "countryCode": "RE",
                "countryName": "Réunion",
                "population": "776948",
                "areaInSqKm": "2517.0"
            },
            {
                "countryCode": "RO",
                "countryName": "Romania",
                "population": "21959278",
                "areaInSqKm": "237500.0"
            },
            {
                "countryCode": "RS",
                "countryName": "Serbia",
                "population": "7344847",
                "areaInSqKm": "88361.0"
            },
            {
                "countryCode": "RU",
                "countryName": "Russia",
                "population": "140702000",
                "areaInSqKm": "1.71E7"
            },
            {
                "countryCode": "RW",
                "countryName": "Rwanda",
                "population": "11055976",
                "areaInSqKm": "26338.0"
            },
            {
                "countryCode": "SA",
                "countryName": "Saudi Arabia",
                "population": "25731776",
                "areaInSqKm": "1960582.0"
            },
            {
                "countryCode": "SB",
                "countryName": "Solomon Islands",
                "population": "559198",
                "areaInSqKm": "28450.0"
            },
            {
                "countryCode": "SC",
                "countryName": "Seychelles",
                "population": "88340",
                "areaInSqKm": "455.0"
            },
            {
                "countryCode": "SD",
                "countryName": "Sudan",
                "population": "35000000",
                "areaInSqKm": "1861484.0"
            },
            {
                "countryCode": "SE",
                "countryName": "Sweden",
                "population": "9828655",
                "areaInSqKm": "449964.0"
            },
            {
                "countryCode": "SG",
                "countryName": "Singapore",
                "population": "4701069",
                "areaInSqKm": "692.7"
            },
            {
                "countryCode": "SH",
                "countryName": "Saint Helena",
                "population": "7460",
                "areaInSqKm": "410.0"
            },
            {
                "countryCode": "SI",
                "countryName": "Slovenia",
                "population": "2007000",
                "areaInSqKm": "20273.0"
            },
            {
                "countryCode": "SJ",
                "countryName": "Svalbard and Jan Mayen",
                "population": "2550",
                "areaInSqKm": "62049.0"
            },
            {
                "countryCode": "SK",
                "countryName": "Slovakia",
                "population": "5455000",
                "areaInSqKm": "48845.0"
            },
            {
                "countryCode": "SL",
                "countryName": "Sierra Leone",
                "population": "5245695",
                "areaInSqKm": "71740.0"
            },
            {
                "countryCode": "SM",
                "countryName": "San Marino",
                "population": "31477",
                "areaInSqKm": "61.2"
            },
            {
                "countryCode": "SN",
                "countryName": "Senegal",
                "population": "12323252",
                "areaInSqKm": "196190.0"
            },
            {
                "countryCode": "SO",
                "countryName": "Somalia",
                "population": "10112453",
                "areaInSqKm": "637657.0"
            },
            {
                "countryCode": "SR",
                "countryName": "Suriname",
                "population": "492829",
                "areaInSqKm": "163270.0"
            },
            {
                "countryCode": "SS",
                "countryName": "South Sudan",
                "population": "8260490",
                "areaInSqKm": "644329.0"
            },
            {
                "countryCode": "ST",
                "countryName": "São Tomé and Príncipe",
                "population": "175808",
                "areaInSqKm": "1001.0"
            },
            {
                "countryCode": "SV",
                "countryName": "El Salvador",
                "population": "6052064",
                "areaInSqKm": "21040.0"
            },
            {
                "countryCode": "SX",
                "countryName": "Sint Maarten",
                "population": "37429",
                "areaInSqKm": "21.0"
            },
            {
                "countryCode": "SY",
                "countryName": "Syria",
                "population": "22198110",
                "areaInSqKm": "185180.0"
            },
            {
                "countryCode": "SZ",
                "countryName": "Swaziland",
                "population": "1354051",
                "areaInSqKm": "17363.0"
            },
            {
                "countryCode": "TC",
                "countryName": "Turks and Caicos Islands",
                "population": "20556",
                "areaInSqKm": "430.0"
            },
            {
                "countryCode": "TD",
                "countryName": "Chad",
                "population": "10543464",
                "areaInSqKm": "1284000.0"
            },
            {
                "countryCode": "TF",
                "countryName": "French Southern Territories",
                "population": "140",
                "areaInSqKm": "7829.0"
            },
            {
                "countryCode": "TG",
                "countryName": "Togo",
                "population": "6587239",
                "areaInSqKm": "56785.0"
            },
            {
                "countryCode": "TH",
                "countryName": "Thailand",
                "population": "67089500",
                "areaInSqKm": "514000.0"
            },
            {
                "countryCode": "TJ",
                "countryName": "Tajikistan",
                "population": "7487489",
                "areaInSqKm": "143100.0"
            },
            {
                "countryCode": "TK",
                "countryName": "Tokelau",
                "population": "1466",
                "areaInSqKm": "10.0"
            },
            {
                "countryCode": "TL",
                "countryName": "East Timor",
                "population": "1154625",
                "areaInSqKm": "15007.0"
            },
            {
                "countryCode": "TM",
                "countryName": "Turkmenistan",
                "population": "4940916",
                "areaInSqKm": "488100.0"
            },
            {
                "countryCode": "TN",
                "countryName": "Tunisia",
                "population": "10589025",
                "areaInSqKm": "163610.0"
            },
            {
                "countryCode": "TO",
                "countryName": "Tonga",
                "population": "122580",
                "areaInSqKm": "748.0"
            },
            {
                "countryCode": "TR",
                "countryName": "Turkey",
                "population": "77804122",
                "areaInSqKm": "780580.0"
            },
            {
                "countryCode": "TT",
                "countryName": "Trinidad and Tobago",
                "population": "1228691",
                "areaInSqKm": "5128.0"
            },
            {
                "countryCode": "TV",
                "countryName": "Tuvalu",
                "population": "10472",
                "areaInSqKm": "26.0"
            },
            {
                "countryCode": "TW",
                "countryName": "Taiwan",
                "population": "22894384",
                "areaInSqKm": "35980.0"
            },
            {
                "countryCode": "TZ",
                "countryName": "Tanzania",
                "population": "41892895",
                "areaInSqKm": "945087.0"
            },
            {
                "countryCode": "UA",
                "countryName": "Ukraine",
                "population": "45415596",
                "areaInSqKm": "603700.0"
            },
            {
                "countryCode": "UG",
                "countryName": "Uganda",
                "population": "33398682",
                "areaInSqKm": "236040.0"
            },
            {
                "countryCode": "UM",
                "countryName": "U.S. Minor Outlying Islands",
                "population": "0",
                "areaInSqKm": "0.0"
            },
            {
                "countryCode": "US",
                "countryName": "United States",
                "population": "310232863",
                "areaInSqKm": "9629091.0"
            },
            {
                "countryCode": "UY",
                "countryName": "Uruguay",
                "population": "3477000",
                "areaInSqKm": "176220.0"
            },
            {
                "countryCode": "UZ",
                "countryName": "Uzbekistan",
                "population": "27865738",
                "areaInSqKm": "447400.0"
            },
            {
                "countryCode": "VA",
                "countryName": "Vatican City",
                "population": "921",
                "areaInSqKm": "0.44"
            },
            {
                "countryCode": "VC",
                "countryName": "Saint Vincent and the Grenadines",
                "population": "104217",
                "areaInSqKm": "389.0"
            },
            {
                "countryCode": "VE",
                "countryName": "Venezuela",
                "population": "27223228",
                "areaInSqKm": "912050.0"
            },
            {
                "countryCode": "VG",
                "countryName": "British Virgin Islands",
                "population": "21730",
                "areaInSqKm": "153.0"
            },
            {
                "countryCode": "VI",
                "countryName": "U.S. Virgin Islands",
                "population": "108708",
                "areaInSqKm": "352.0"
            },
            {
                "countryCode": "VN",
                "countryName": "Vietnam",
                "population": "89571130",
                "areaInSqKm": "329560.0"
            },
            {
                "countryCode": "VU",
                "countryName": "Vanuatu",
                "population": "221552",
                "areaInSqKm": "12200.0"
            },
            {
                "countryCode": "WF",
                "countryName": "Wallis and Futuna",
                "population": "16025",
                "areaInSqKm": "274.0"
            },
            {
                "countryCode": "WS",
                "countryName": "Samoa",
                "population": "192001",
                "areaInSqKm": "2944.0"
            },
            {
                "countryCode": "XK",
                "countryName": "Kosovo",
                "population": "1800000",
                "areaInSqKm": "10908.0"
            },
            {
                "countryCode": "YE",
                "countryName": "Yemen",
                "population": "23495361",
                "areaInSqKm": "527970.0"
            },
            {
                "countryCode": "YT",
                "countryName": "Mayotte",
                "population": "159042",
                "areaInSqKm": "374.0"
            },
            {
                "countryCode": "ZA",
                "countryName": "South Africa",
                "population": "49000000",
                "areaInSqKm": "1219912.0"
            },
            {
                "countryCode": "ZM",
                "countryName": "Zambia",
                "population": "13460305",
                "areaInSqKm": "752614.0"
            },
            {
                "countryCode": "ZW",
                "countryName": "Zimbabwe",
                "population": "13061000",
                "areaInSqKm": "390580.0"
            }
        ]
    }
}