{
    "countries": [
        	{
                "countryCode": "BH",
                "countryName": "Bahrain",
                "population": "738004",
                "areaInSqKm": "665.0"
            },
            {
                "countryCode": "EG",
                "countryName": "Egypt",
                "population": "80471869",
                "areaInSqKm": "1001450.0"
            },
            {
                "countryCode": "IR",
                "countryName": "Iran",
                "population": "76923300",
                "areaInSqKm": "1648000.0"
            },
            {
                "countryCode": "IQ",
                "countryName": "Iraq",
                "population": "29671605",
                "areaInSqKm": "437072.0"
            },
            {
                "countryCode": "IL",
                "countryName": "Israel",
                "population": "7353985",
                "areaInSqKm": "20770.0"
            },
            {
                "countryCode": "JO",
                "countryName": "Jordan",
                "population": "6407085",
                "areaInSqKm": "92300.0"
            },
            {
                "countryCode": "KW",
                "countryName": "Kuwait",
                "population": "2789132",
                "areaInSqKm": "17820.0"
            },
            {
                "countryCode": "LB",
                "countryName": "Lebanon",
                "population": "4125247",
                "areaInSqKm": "10400.0"
            },
            {
                "countryCode": "OM",
                "countryName": "Oman",
                "population": "2967717",
                "areaInSqKm": "212460.0"
            },
            {
                "countryCode": "PS",
                "countryName": "Palestine",
                "population": "3800000",
                "areaInSqKm": "5970.0"
            },
            {
                "countryCode": "QA",
                "countryName": "Qatar",
                "population": "840926",
                "areaInSqKm": "11437.0"
            },
            {
                "countryCode": "SA",
                "countryName": "Saudi Arabia",
                "population": "25731776",
                "areaInSqKm": "1960582.0"
            },
            {
                "countryCode": "SY",
                "countryName": "Syria",
                "population": "22198110",
                "areaInSqKm": "185180.0"
            },
            {
                "countryCode": "TR",
                "countryName": "Turkey",
                "population": "77804122",
                "areaInSqKm": "780580.0"
            },
            {
                "countryCode": "AE",
                "countryName": "United Arab Emirates",
                "population": "4975593",
                "areaInSqKm": "82880.0"
            },
            {
                "countryCode": "YE",
                "countryName": "Yemen",
                "population": "23495361",
                "areaInSqKm": "527970.0"
            }
    ]
}